-- Seed data for kingkazma.tankap@gmail.com
-- user_id: 4ed9b854-74a8-4eee-8bf3-b209ade93762
-- company_id: d63a7c91-2b8c-4930-8815-22f7060342d2

-- ===== 1. Update Company with realistic info =====
UPDATE master SET
  name = 'บริษัท ไซเบอร์โก เทคโนโลยี จำกัด',
  name2 = 'CyberGo Technology Co., Ltd.',
  tax_id = '0105566012345',
  phone = '02-123-4567',
  email = 'contact@cybergo.co.th',
  address = '99/1 อาคารไซเบอร์ทาวเวอร์ ชั้น 15 ถ.รัชดาภิเษก แขวงดินแดง เขตดินแดง กรุงเทพฯ 10400',
  json = '{"logoUrl":"","website":"https://cybergo.co.th","bankAccounts":[{"bankName":"ธนาคารกสิกรไทย","accountName":"บจก. ไซเบอร์โก เทคโนโลยี","accountNo":"123-4-56789-0","branch":"สาขาดินแดง"},{"bankName":"ธนาคารไทยพาณิชย์","accountName":"บจก. ไซเบอร์โก เทคโนโลยี","accountNo":"987-6-54321-0","branch":"สาขาลาดพร้าว"}]}',
  updated_at = datetime('now')
WHERE entity_id = 'd63a7c91-2b8c-4930-8815-22f7060342d2';

-- ===== 2. Customers =====
INSERT OR REPLACE INTO master (entity_id, entity_type, user_id, company_id, code, name, name2, tax_id, phone, email, address, tags, status, json, created_at, updated_at) VALUES
('cust-001', 'CUSTOMER', '4ed9b854-74a8-4eee-8bf3-b209ade93762', 'd63a7c91-2b8c-4930-8815-22f7060342d2', 'C001', 'บริษัท สมาร์ท โซลูชั่น จำกัด', 'Smart Solution Co., Ltd.', '0105568001234', '02-987-6543', 'info@smartsolution.co.th', '55 อาคารเอไอ ชั้น 8 ถ.สีลม แขวงสีลม เขตบางรัก กรุงเทพฯ 10500', 'เทคโนโลยี,ซอฟต์แวร์', 'ACTIVE', '{"contactPersons":["คุณสมชาย ใจดี","คุณสมหญิง รักงาน"]}', datetime('now'), datetime('now')),
('cust-002', 'CUSTOMER', '4ed9b854-74a8-4eee-8bf3-b209ade93762', 'd63a7c91-2b8c-4930-8815-22f7060342d2', 'C002', 'ห้างหุ้นส่วนจำกัด กรีนเวิลด์ เทรดดิ้ง', 'Green World Trading Ltd., Part.', '0105569002345', '02-555-1234', 'sales@greenworld.co.th', '123 ถ.พระราม 9 แขวงห้วยขวาง เขตห้วยขวาง กรุงเทพฯ 10310', 'ค้าปลีก,นำเข้า', 'ACTIVE', '{"contactPersons":["คุณวิชัย เจริญกิจ"]}', datetime('now'), datetime('now')),
('cust-003', 'CUSTOMER', '4ed9b854-74a8-4eee-8bf3-b209ade93762', 'd63a7c91-2b8c-4930-8815-22f7060342d2', 'C003', 'บริษัท ดิจิทัล มีเดีย แล็บ จำกัด', 'Digital Media Lab Co., Ltd.', '0105570003456', '089-123-4567', 'hello@dml.co.th', '77/7 ซอยลาดพร้าว 71 แขวงลาดพร้าว เขตลาดพร้าว กรุงเทพฯ 10230', 'สื่อดิจิทัล,มาร์เก็ตติ้ง', 'ACTIVE', '{"contactPersons":["คุณนภา ดีไซน์"]}', datetime('now'), datetime('now')),
('cust-004', 'CUSTOMER', '4ed9b854-74a8-4eee-8bf3-b209ade93762', 'd63a7c91-2b8c-4930-8815-22f7060342d2', 'C004', 'คุณประพันธ์ ทองคำ', '', '1234567890123', '081-234-5678', 'prapan@email.com', '45/2 หมู่ 3 ต.บางพลี อ.บางพลี จ.สมุทรปราการ 10540', 'บุคคลธรรมดา', 'ACTIVE', '{}', datetime('now'), datetime('now')),
('cust-005', 'CUSTOMER', '4ed9b854-74a8-4eee-8bf3-b209ade93762', 'd63a7c91-2b8c-4930-8815-22f7060342d2', 'C005', 'บริษัท โปรเจกต์ พลัส จำกัด', 'Project Plus Co., Ltd.', '0105571004567', '02-333-4455', 'pm@projectplus.co.th', '200 อาคารซันทาวเวอร์ส ชั้น 20 ถ.วิภาวดีรังสิต จตุจักร กรุงเทพฯ 10900', 'ก่อสร้าง,ออกแบบ', 'ACTIVE', '{"contactPersons":["คุณกิตติ โปรเจกต์"]}', datetime('now'), datetime('now'));

-- ===== 3. Products =====
INSERT OR REPLACE INTO master (entity_id, entity_type, user_id, company_id, code, name, name2, tax_id, phone, email, address, tags, status, json, created_at, updated_at) VALUES
('prod-001', 'PRODUCT', '4ed9b854-74a8-4eee-8bf3-b209ade93762', 'd63a7c91-2b8c-4930-8815-22f7060342d2', 'SV001', 'บริการออกแบบเว็บไซต์', 'Website Design Service', '', '', '', '', 'บริการ,เว็บไซต์', 'ACTIVE', '{"unitPrice":35000,"unit":"โปรเจกต์","description":"ออกแบบและพัฒนาเว็บไซต์ตามความต้องการ รองรับ Responsive Design","category":"SERVICE","stockEnabled":false}', datetime('now'), datetime('now')),
('prod-002', 'PRODUCT', '4ed9b854-74a8-4eee-8bf3-b209ade93762', 'd63a7c91-2b8c-4930-8815-22f7060342d2', 'SV002', 'บริการพัฒนาแอปพลิเคชัน Mobile', 'Mobile App Development', '', '', '', '', 'บริการ,แอปพลิเคชัน', 'ACTIVE', '{"unitPrice":85000,"unit":"โปรเจกต์","description":"พัฒนาแอปพลิเคชัน iOS/Android ด้วย React Native","category":"SERVICE","stockEnabled":false}', datetime('now'), datetime('now')),
('prod-003', 'PRODUCT', '4ed9b854-74a8-4eee-8bf3-b209ade93762', 'd63a7c91-2b8c-4930-8815-22f7060342d2', 'SV003', 'บริการดูแลระบบรายเดือน', 'Monthly System Maintenance', '', '', '', '', 'บริการ,ดูแลระบบ', 'ACTIVE', '{"unitPrice":8500,"unit":"เดือน","description":"ดูแล Server, อัปเดตระบบ, แก้ไขบัค, สำรองข้อมูล","category":"SERVICE","stockEnabled":false}', datetime('now'), datetime('now')),
('prod-004', 'PRODUCT', '4ed9b854-74a8-4eee-8bf3-b209ade93762', 'd63a7c91-2b8c-4930-8815-22f7060342d2', 'SV004', 'บริการ SEO & Digital Marketing', 'SEO & Digital Marketing', '', '', '', '', 'บริการ,การตลาด', 'ACTIVE', '{"unitPrice":15000,"unit":"เดือน","description":"ปรับแต่ง SEO, จัดการโฆษณา Google Ads, Facebook Ads","category":"SERVICE","stockEnabled":false}', datetime('now'), datetime('now')),
('prod-005', 'PRODUCT', '4ed9b854-74a8-4eee-8bf3-b209ade93762', 'd63a7c91-2b8c-4930-8815-22f7060342d2', 'SV005', 'ค่าที่ปรึกษาด้าน IT', 'IT Consulting Fee', '', '', '', '', 'บริการ,ที่ปรึกษา', 'ACTIVE', '{"unitPrice":5000,"unit":"ชั่วโมง","description":"ให้คำปรึกษาด้านระบบ IT, Cloud Architecture, Database Design","category":"SERVICE","stockEnabled":false}', datetime('now'), datetime('now')),
('prod-006', 'PRODUCT', '4ed9b854-74a8-4eee-8bf3-b209ade93762', 'd63a7c91-2b8c-4930-8815-22f7060342d2', 'HW001', 'คอมพิวเตอร์ Notebook Dell Latitude 5540', 'Dell Latitude 5540 Notebook', '', '', '', '', 'สินค้า,คอมพิวเตอร์', 'ACTIVE', '{"unitPrice":32900,"unit":"เครื่อง","description":"Intel Core i5-1345U, 16GB RAM, 512GB SSD, 15.6\" FHD","category":"GOODS","stockEnabled":true,"stockQty":10,"stockLogs":[]}', datetime('now'), datetime('now')),
('prod-007', 'PRODUCT', '4ed9b854-74a8-4eee-8bf3-b209ade93762', 'd63a7c91-2b8c-4930-8815-22f7060342d2', 'HW002', 'เครื่องพิมพ์ HP LaserJet Pro M404dn', 'HP LaserJet Pro M404dn', '', '', '', '', 'สินค้า,เครื่องพิมพ์', 'ACTIVE', '{"unitPrice":8900,"unit":"เครื่อง","description":"เครื่องพิมพ์เลเซอร์ขาวดำ พิมพ์ 2 หน้าอัตโนมัติ","category":"GOODS","stockEnabled":true,"stockQty":5,"stockLogs":[]}', datetime('now'), datetime('now')),
('prod-008', 'PRODUCT', '4ed9b854-74a8-4eee-8bf3-b209ade93762', 'd63a7c91-2b8c-4930-8815-22f7060342d2', 'LIC001', 'Microsoft 365 Business Standard (รายปี)', 'Microsoft 365 Business Standard (Annual)', '', '', '', '', 'ลิขสิทธิ์,ซอฟต์แวร์', 'ACTIVE', '{"unitPrice":4620,"unit":"ผู้ใช้/ปี","description":"รวม Word, Excel, PowerPoint, Teams, Exchange Online, 1TB OneDrive","category":"SERVICE","stockEnabled":false}', datetime('now'), datetime('now'));

-- ===== 4. Salespersons =====
INSERT OR REPLACE INTO master (entity_id, entity_type, user_id, company_id, code, name, name2, tax_id, phone, email, address, tags, status, json, created_at, updated_at) VALUES
('sales-001', 'SALESPERSON', '4ed9b854-74a8-4eee-8bf3-b209ade93762', 'd63a7c91-2b8c-4930-8815-22f7060342d2', 'SP001', 'คุณณัฐวัฒน์ (เจ้าของ)', '', '', '089-999-8888', 'nattawat@cybergo.co.th', '', '', 'ACTIVE', '{}', datetime('now'), datetime('now')),
('sales-002', 'SALESPERSON', '4ed9b854-74a8-4eee-8bf3-b209ade93762', 'd63a7c91-2b8c-4930-8815-22f7060342d2', 'SP002', 'คุณสมศักดิ์ ขายเก่ง', '', '', '081-111-2222', 'somsak@cybergo.co.th', '', '', 'ACTIVE', '{}', datetime('now'), datetime('now'));

-- ===== 5. Documents — Full chain: QUO → INV → RCPT =====

-- QUO-6802-0001: Quotation for Smart Solution (CONVERTED → already invoiced)
INSERT OR REPLACE INTO documents (doc_id, doc_type, user_id, company_id, customer_id, doc_no, doc_date, due_date, ref_doc_no, currency, subtotal, discount_enabled, discount_type, discount_value, vat_enabled, vat_rate, wht_enabled, wht_rate, total_before_tax, vat_amount, wht_amount, grand_total, payment_status, doc_status, notes, terms, signature_enabled, json, created_at, updated_at)
VALUES ('doc-quo-001', 'QUO', '4ed9b854-74a8-4eee-8bf3-b209ade93762', 'd63a7c91-2b8c-4930-8815-22f7060342d2', 'cust-001', 'QUO6802-0001', '2026-02-10', '2026-02-24', '', 'THB', 120000, 1, 'PERCENT', 5, 1, 7, 0, 3, 114000, 7980, 0, 121980, 'UNPAID', 'CONVERTED', 'ใบเสนอราคาสำหรับโปรเจกต์ออกแบบเว็บไซต์และแอป', 'ชำระเงินภายใน 30 วัน นับจากวันที่ในใบแจ้งหนี้', 1, '{"customerName":"บริษัท สมาร์ท โซลูชั่น จำกัด","customerTaxId":"0105568001234","customerAddress":"55 อาคารเอไอ ชั้น 8 ถ.สีลม แขวงสีลม เขตบางรัก กรุงเทพฯ 10500","customerPhone":"02-987-6543","customerEmail":"info@smartsolution.co.th","salespersonId":"sales-001","salespersonName":"คุณณัฐวัฒน์ (เจ้าของ)","contactPerson":"คุณสมชาย ใจดี","docLang":"th","signatureTitle":"ผู้เสนอราคา","signatureName":"ณัฐวัฒน์","signDate":"2026-02-10","vatInclusive":false,"paymentTermsEnabled":true,"paymentTermsPreset":"credit30","showBankInfo":true,"selectedBankAccounts":[{"bankName":"ธนาคารกสิกรไทย","accountName":"บจก. ไซเบอร์โก เทคโนโลยี","accountNo":"123-4-56789-0","branch":"สาขาดินแดง"}]}', datetime('now'), datetime('now'));

INSERT OR REPLACE INTO doc_lines (line_id, doc_id, line_no, product_id, code, name, description, qty, unit, unit_price, discount_type, discount_value, line_total, json, created_at, updated_at) VALUES
('line-q1-1', 'doc-quo-001', 1, 'prod-001', 'SV001', 'บริการออกแบบเว็บไซต์', 'ออกแบบ UX/UI + พัฒนา Frontend/Backend พร้อม CMS', 1, 'โปรเจกต์', 35000, '', 0, 35000, '{}', datetime('now'), datetime('now')),
('line-q1-2', 'doc-quo-001', 2, 'prod-002', 'SV002', 'บริการพัฒนาแอปพลิเคชัน Mobile', 'พัฒนา App iOS/Android ด้วย React Native', 1, 'โปรเจกต์', 85000, '', 0, 85000, '{}', datetime('now'), datetime('now'));

-- INV-6802-0001: Invoice from QUO-0001 (chain: refDocNo = QUO6802-0001)
INSERT OR REPLACE INTO documents (doc_id, doc_type, user_id, company_id, customer_id, doc_no, doc_date, due_date, ref_doc_no, currency, subtotal, discount_enabled, discount_type, discount_value, vat_enabled, vat_rate, wht_enabled, wht_rate, total_before_tax, vat_amount, wht_amount, grand_total, payment_status, doc_status, notes, terms, signature_enabled, json, created_at, updated_at)
VALUES ('doc-inv-001', 'INV', '4ed9b854-74a8-4eee-8bf3-b209ade93762', 'd63a7c91-2b8c-4930-8815-22f7060342d2', 'cust-001', 'INV6802-0001', '2026-02-15', '2026-03-17', 'QUO6802-0001', 'THB', 120000, 1, 'PERCENT', 5, 1, 7, 0, 3, 114000, 7980, 0, 121980, 'PAID', 'CONVERTED', 'แจ้งหนี้ตาม QUO6802-0001', 'กรุณาชำระเงินภายใน 30 วัน', 1, '{"customerName":"บริษัท สมาร์ท โซลูชั่น จำกัด","customerTaxId":"0105568001234","customerAddress":"55 อาคารเอไอ ชั้น 8 ถ.สีลม แขวงสีลม เขตบางรัก กรุงเทพฯ 10500","customerPhone":"02-987-6543","customerEmail":"info@smartsolution.co.th","salespersonId":"sales-001","salespersonName":"คุณณัฐวัฒน์ (เจ้าของ)","contactPerson":"คุณสมชาย ใจดี","docLang":"th","signatureTitle":"ผู้ออกใบแจ้งหนี้","signatureName":"ณัฐวัฒน์","signDate":"2026-02-15","vatInclusive":false,"refDocId":"doc-quo-001","paymentTermsEnabled":true,"paymentTermsPreset":"credit30","showBankInfo":true,"selectedBankAccounts":[{"bankName":"ธนาคารกสิกรไทย","accountName":"บจก. ไซเบอร์โก เทคโนโลยี","accountNo":"123-4-56789-0","branch":"สาขาดินแดง"}]}', datetime('now'), datetime('now'));

INSERT OR REPLACE INTO doc_lines (line_id, doc_id, line_no, product_id, code, name, description, qty, unit, unit_price, discount_type, discount_value, line_total, json, created_at, updated_at) VALUES
('line-i1-1', 'doc-inv-001', 1, 'prod-001', 'SV001', 'บริการออกแบบเว็บไซต์', 'ออกแบบ UX/UI + พัฒนา Frontend/Backend พร้อม CMS', 1, 'โปรเจกต์', 35000, '', 0, 35000, '{}', datetime('now'), datetime('now')),
('line-i1-2', 'doc-inv-001', 2, 'prod-002', 'SV002', 'บริการพัฒนาแอปพลิเคชัน Mobile', 'พัฒนา App iOS/Android ด้วย React Native', 1, 'โปรเจกต์', 85000, '', 0, 85000, '{}', datetime('now'), datetime('now'));

-- RCPT-6802-0001: Receipt from INV-0001
INSERT OR REPLACE INTO documents (doc_id, doc_type, user_id, company_id, customer_id, doc_no, doc_date, due_date, ref_doc_no, currency, subtotal, discount_enabled, discount_type, discount_value, vat_enabled, vat_rate, wht_enabled, wht_rate, total_before_tax, vat_amount, wht_amount, grand_total, payment_status, doc_status, notes, terms, signature_enabled, json, created_at, updated_at)
VALUES ('doc-rcpt-001', 'RCPT', '4ed9b854-74a8-4eee-8bf3-b209ade93762', 'd63a7c91-2b8c-4930-8815-22f7060342d2', 'cust-001', 'RCPT6802-0001', '2026-02-20', '', 'INV6802-0001', 'THB', 120000, 1, 'PERCENT', 5, 1, 7, 0, 3, 114000, 7980, 0, 121980, 'PAID', 'ISSUED', 'ใบเสร็จรับเงินตามใบแจ้งหนี้ INV6802-0001', '', 1, '{"customerName":"บริษัท สมาร์ท โซลูชั่น จำกัด","customerTaxId":"0105568001234","customerAddress":"55 อาคารเอไอ ชั้น 8 ถ.สีลม แขวงสีลม เขตบางรัก กรุงเทพฯ 10500","customerPhone":"02-987-6543","customerEmail":"info@smartsolution.co.th","salespersonId":"sales-001","salespersonName":"คุณณัฐวัฒน์ (เจ้าของ)","docLang":"th","signatureTitle":"ผู้รับเงิน","signatureName":"ณัฐวัฒน์","signDate":"2026-02-20","vatInclusive":false,"refDocId":"doc-inv-001"}', datetime('now'), datetime('now'));

INSERT OR REPLACE INTO doc_lines (line_id, doc_id, line_no, product_id, code, name, description, qty, unit, unit_price, discount_type, discount_value, line_total, json, created_at, updated_at) VALUES
('line-r1-1', 'doc-rcpt-001', 1, 'prod-001', 'SV001', 'บริการออกแบบเว็บไซต์', 'ออกแบบ UX/UI + พัฒนา Frontend/Backend พร้อม CMS', 1, 'โปรเจกต์', 35000, '', 0, 35000, '{}', datetime('now'), datetime('now')),
('line-r1-2', 'doc-rcpt-001', 2, 'prod-002', 'SV002', 'บริการพัฒนาแอปพลิเคชัน Mobile', 'พัฒนา App iOS/Android ด้วย React Native', 1, 'โปรเจกต์', 85000, '', 0, 85000, '{}', datetime('now'), datetime('now'));

-- ===== QUO-6802-0002: Quotation for Green World (still active, not yet invoiced) =====
INSERT OR REPLACE INTO documents (doc_id, doc_type, user_id, company_id, customer_id, doc_no, doc_date, due_date, ref_doc_no, currency, subtotal, discount_enabled, discount_type, discount_value, vat_enabled, vat_rate, wht_enabled, wht_rate, total_before_tax, vat_amount, wht_amount, grand_total, payment_status, doc_status, notes, terms, signature_enabled, json, created_at, updated_at)
VALUES ('doc-quo-002', 'QUO', '4ed9b854-74a8-4eee-8bf3-b209ade93762', 'd63a7c91-2b8c-4930-8815-22f7060342d2', 'cust-002', 'QUO6802-0002', '2026-02-18', '2026-03-04', '', 'THB', 51000, 0, 'AMOUNT', 0, 1, 7, 0, 3, 51000, 3570, 0, 54570, 'UNPAID', 'ISSUED', 'เสนอราคาบริการดูแลระบบ + SEO ประจำปี 2026', 'ยืนราคา 14 วัน', 1, '{"customerName":"ห้างหุ้นส่วนจำกัด กรีนเวิลด์ เทรดดิ้ง","customerTaxId":"0105569002345","customerAddress":"123 ถ.พระราม 9 แขวงห้วยขวาง เขตห้วยขวาง กรุงเทพฯ 10310","customerPhone":"02-555-1234","customerEmail":"sales@greenworld.co.th","salespersonId":"sales-002","salespersonName":"คุณสมศักดิ์ ขายเก่ง","contactPerson":"คุณวิชัย เจริญกิจ","docLang":"th","signatureTitle":"ผู้เสนอราคา","signatureName":"สมศักดิ์ ขายเก่ง","signDate":"2026-02-18","vatInclusive":false}', datetime('now'), datetime('now'));

INSERT OR REPLACE INTO doc_lines (line_id, doc_id, line_no, product_id, code, name, description, qty, unit, unit_price, discount_type, discount_value, line_total, json, created_at, updated_at) VALUES
('line-q2-1', 'doc-quo-002', 1, 'prod-003', 'SV003', 'บริการดูแลระบบรายเดือน', 'ดูแล Server, อัปเดต, แก้ไขบัค 6 เดือน', 6, 'เดือน', 8500, '', 0, 51000, '{}', datetime('now'), datetime('now'));

-- ===== INV-6802-0002: Invoice for Digital Media Lab (standalone, UNPAID) =====
INSERT OR REPLACE INTO documents (doc_id, doc_type, user_id, company_id, customer_id, doc_no, doc_date, due_date, ref_doc_no, currency, subtotal, discount_enabled, discount_type, discount_value, vat_enabled, vat_rate, wht_enabled, wht_rate, total_before_tax, vat_amount, wht_amount, grand_total, payment_status, doc_status, notes, terms, signature_enabled, json, created_at, updated_at)
VALUES ('doc-inv-002', 'INV', '4ed9b854-74a8-4eee-8bf3-b209ade93762', 'd63a7c91-2b8c-4930-8815-22f7060342d2', 'cust-003', 'INV6802-0002', '2026-02-20', '2026-03-22', '', 'THB', 15000, 0, 'AMOUNT', 0, 1, 7, 1, 3, 15000, 1050, 450, 15600, 'UNPAID', 'ISSUED', 'ค่าบริการ SEO เดือนกุมภาพันธ์ 2026', 'กรุณาชำระภายใน 30 วัน', 1, '{"customerName":"บริษัท ดิจิทัล มีเดีย แล็บ จำกัด","customerTaxId":"0105570003456","customerAddress":"77/7 ซอยลาดพร้าว 71 แขวงลาดพร้าว เขตลาดพร้าว กรุงเทพฯ 10230","customerPhone":"089-123-4567","customerEmail":"hello@dml.co.th","salespersonId":"sales-001","salespersonName":"คุณณัฐวัฒน์ (เจ้าของ)","contactPerson":"คุณนภา ดีไซน์","docLang":"th","signatureTitle":"ผู้ออกใบแจ้งหนี้","signatureName":"ณัฐวัฒน์","signDate":"2026-02-20","vatInclusive":false,"paymentTermsEnabled":true,"paymentTermsPreset":"credit30","showBankInfo":true,"selectedBankAccounts":[{"bankName":"ธนาคารกสิกรไทย","accountName":"บจก. ไซเบอร์โก เทคโนโลยี","accountNo":"123-4-56789-0","branch":"สาขาดินแดง"}]}', datetime('now'), datetime('now'));

INSERT OR REPLACE INTO doc_lines (line_id, doc_id, line_no, product_id, code, name, description, qty, unit, unit_price, discount_type, discount_value, line_total, json, created_at, updated_at) VALUES
('line-i2-1', 'doc-inv-002', 1, 'prod-004', 'SV004', 'บริการ SEO & Digital Marketing', 'ปรับแต่ง SEO + จัดการ Google Ads กุมภาพันธ์ 2026', 1, 'เดือน', 15000, '', 0, 15000, '{}', datetime('now'), datetime('now'));

-- ===== TAX-6802-0001: Tax Invoice for Project Plus (with WHT) =====
INSERT OR REPLACE INTO documents (doc_id, doc_type, user_id, company_id, customer_id, doc_no, doc_date, due_date, ref_doc_no, currency, subtotal, discount_enabled, discount_type, discount_value, vat_enabled, vat_rate, wht_enabled, wht_rate, total_before_tax, vat_amount, wht_amount, grand_total, payment_status, doc_status, notes, terms, signature_enabled, json, created_at, updated_at)
VALUES ('doc-tax-001', 'TAX', '4ed9b854-74a8-4eee-8bf3-b209ade93762', 'd63a7c91-2b8c-4930-8815-22f7060342d2', 'cust-005', 'TAX6802-0001', '2026-02-22', '2026-03-24', '', 'THB', 40000, 0, 'AMOUNT', 0, 1, 7, 1, 3, 40000, 2800, 1200, 41600, 'PARTIAL', 'ISSUED', 'ค่าที่ปรึกษา IT ประจำเดือน ก.พ. 2026', 'ชำระภายใน 30 วัน', 1, '{"customerName":"บริษัท โปรเจกต์ พลัส จำกัด","customerTaxId":"0105571004567","customerAddress":"200 อาคารซันทาวเวอร์ส ชั้น 20 ถ.วิภาวดีรังสิต จตุจักร กรุงเทพฯ 10900","customerPhone":"02-333-4455","customerEmail":"pm@projectplus.co.th","salespersonId":"sales-001","salespersonName":"คุณณัฐวัฒน์ (เจ้าของ)","contactPerson":"คุณกิตติ โปรเจกต์","docLang":"th","signatureTitle":"ผู้ออกใบกำกับภาษี","signatureName":"ณัฐวัฒน์","signDate":"2026-02-22","vatInclusive":false}', datetime('now'), datetime('now'));

INSERT OR REPLACE INTO doc_lines (line_id, doc_id, line_no, product_id, code, name, description, qty, unit, unit_price, discount_type, discount_value, line_total, json, created_at, updated_at) VALUES
('line-t1-1', 'doc-tax-001', 1, 'prod-005', 'SV005', 'ค่าที่ปรึกษาด้าน IT', 'ให้คำปรึกษา Cloud Architecture + Database Design (8 ชม.)', 8, 'ชั่วโมง', 5000, '', 0, 40000, '{}', datetime('now'), datetime('now'));

-- ===== DO-6802-0001: Delivery Order for hardware =====
INSERT OR REPLACE INTO documents (doc_id, doc_type, user_id, company_id, customer_id, doc_no, doc_date, due_date, ref_doc_no, currency, subtotal, discount_enabled, discount_type, discount_value, vat_enabled, vat_rate, wht_enabled, wht_rate, total_before_tax, vat_amount, wht_amount, grand_total, payment_status, doc_status, notes, terms, signature_enabled, json, created_at, updated_at)
VALUES ('doc-do-001', 'DO', '4ed9b854-74a8-4eee-8bf3-b209ade93762', 'd63a7c91-2b8c-4930-8815-22f7060342d2', 'cust-002', 'DO6802-0001', '2026-02-24', '', '', 'THB', 74700, 0, 'AMOUNT', 0, 1, 7, 0, 3, 74700, 5229, 0, 79929, 'UNPAID', 'ISSUED', 'ส่งมอบอุปกรณ์ IT', 'กรุณาตรวจสอบสินค้าก่อนลงนามรับ', 1, '{"customerName":"ห้างหุ้นส่วนจำกัด กรีนเวิลด์ เทรดดิ้ง","customerTaxId":"0105569002345","customerAddress":"123 ถ.พระราม 9 แขวงห้วยขวาง เขตห้วยขวาง กรุงเทพฯ 10310","customerPhone":"02-555-1234","salespersonId":"sales-002","salespersonName":"คุณสมศักดิ์ ขายเก่ง","docLang":"th","signatureTitle":"ผู้ส่งสินค้า","signatureName":"สมศักดิ์","signDate":"2026-02-24","vatInclusive":false}', datetime('now'), datetime('now'));

INSERT OR REPLACE INTO doc_lines (line_id, doc_id, line_no, product_id, code, name, description, qty, unit, unit_price, discount_type, discount_value, line_total, json, created_at, updated_at) VALUES
('line-do1-1', 'doc-do-001', 1, 'prod-006', 'HW001', 'คอมพิวเตอร์ Notebook Dell Latitude 5540', 'Intel Core i5-1345U, 16GB RAM, 512GB SSD', 2, 'เครื่อง', 32900, '', 0, 65800, '{}', datetime('now'), datetime('now')),
('line-do1-2', 'doc-do-001', 2, 'prod-007', 'HW002', 'เครื่องพิมพ์ HP LaserJet Pro M404dn', 'เลเซอร์ขาวดำ พิมพ์ 2 หน้าอัตโนมัติ', 1, 'เครื่อง', 8900, '', 0, 8900, '{}', datetime('now'), datetime('now'));

-- ===== BILL-6802-0001: Billing Note for Prapan (individual, OVERDUE) =====
INSERT OR REPLACE INTO documents (doc_id, doc_type, user_id, company_id, customer_id, doc_no, doc_date, due_date, ref_doc_no, currency, subtotal, discount_enabled, discount_type, discount_value, vat_enabled, vat_rate, wht_enabled, wht_rate, total_before_tax, vat_amount, wht_amount, grand_total, payment_status, doc_status, notes, terms, signature_enabled, json, created_at, updated_at)
VALUES ('doc-bill-001', 'BILL', '4ed9b854-74a8-4eee-8bf3-b209ade93762', 'd63a7c91-2b8c-4930-8815-22f7060342d2', 'cust-004', 'BILL6802-0001', '2026-02-01', '2026-02-15', '', 'THB', 4620, 0, 'AMOUNT', 0, 1, 7, 0, 3, 4620, 323.4, 0, 4943.4, 'OVERDUE', 'ISSUED', 'ค่าลิขสิทธิ์ Microsoft 365', 'เกินกำหนดชำระแล้ว กรุณาติดต่อ 02-123-4567', 0, '{"customerName":"คุณประพันธ์ ทองคำ","customerTaxId":"1234567890123","customerAddress":"45/2 หมู่ 3 ต.บางพลี อ.บางพลี จ.สมุทรปราการ 10540","customerPhone":"081-234-5678","docLang":"th","vatInclusive":false}', datetime('now'), datetime('now'));

INSERT OR REPLACE INTO doc_lines (line_id, doc_id, line_no, product_id, code, name, description, qty, unit, unit_price, discount_type, discount_value, line_total, json, created_at, updated_at) VALUES
('line-b1-1', 'doc-bill-001', 1, 'prod-008', 'LIC001', 'Microsoft 365 Business Standard (รายปี)', 'ลิขสิทธิ์รายปี 1 ผู้ใช้', 1, 'ผู้ใช้/ปี', 4620, '', 0, 4620, '{}', datetime('now'), datetime('now'));

-- ===== PV-6802-0001: Payment Voucher (expense) =====
INSERT OR REPLACE INTO documents (doc_id, doc_type, user_id, company_id, customer_id, doc_no, doc_date, due_date, ref_doc_no, currency, subtotal, discount_enabled, discount_type, discount_value, vat_enabled, vat_rate, wht_enabled, wht_rate, total_before_tax, vat_amount, wht_amount, grand_total, payment_status, doc_status, notes, terms, signature_enabled, json, created_at, updated_at)
VALUES ('doc-pv-001', 'PV', '4ed9b854-74a8-4eee-8bf3-b209ade93762', 'd63a7c91-2b8c-4930-8815-22f7060342d2', 'cust-003', 'PV6802-0001', '2026-02-18', '', '', 'THB', 12000, 0, 'AMOUNT', 0, 0, 7, 0, 3, 12000, 0, 0, 12000, 'PAID', 'ISSUED', 'จ่ายค่าจ้าง Freelance ออกแบบ Logo', '', 0, '{"customerName":"บริษัท ดิจิทัล มีเดีย แล็บ จำกัด","customerAddress":"77/7 ซอยลาดพร้าว 71 แขวงลาดพร้าว เขตลาดพร้าว กรุงเทพฯ 10230","docLang":"th","vatInclusive":false}', datetime('now'), datetime('now'));

INSERT OR REPLACE INTO doc_lines (line_id, doc_id, line_no, product_id, code, name, description, qty, unit, unit_price, discount_type, discount_value, line_total, json, created_at, updated_at) VALUES
('line-pv1-1', 'doc-pv-001', 1, '', '', 'ค่าจ้างออกแบบ Logo', 'ออกแบบ Logo บริษัท + Brand Guideline', 1, 'งาน', 12000, '', 0, 12000, '{}', datetime('now'), datetime('now'));

-- ===== 6. Update sequences =====
INSERT OR REPLACE INTO sequences (id, current_value, updated_at) VALUES
('QUO:d63a7c91-2b8c-4930-8815-22f7060342d2', 2, datetime('now')),
('INV:d63a7c91-2b8c-4930-8815-22f7060342d2', 2, datetime('now')),
('RCPT:d63a7c91-2b8c-4930-8815-22f7060342d2', 1, datetime('now')),
('TAX:d63a7c91-2b8c-4930-8815-22f7060342d2', 1, datetime('now')),
('DO:d63a7c91-2b8c-4930-8815-22f7060342d2', 1, datetime('now')),
('BILL:d63a7c91-2b8c-4930-8815-22f7060342d2', 1, datetime('now')),
('PV:d63a7c91-2b8c-4930-8815-22f7060342d2', 1, datetime('now'));
